Faraz Alam Sb,F.C .Collage ,0322-4421444,85
Mrs.Asad,Shadman,0344-8880085,85
Muhammad Adill Naeem Sb,435 XX Phase -3 DHA,0321 4973091,80
Waqas Sb,Defance (240 J),0300-8468099,85
Syed Aftab Hussain Sb,549-AA Phase 4 DHA,0322 9990101,95
Faiz Butt Sb,565-S Deffance,0322-9100007,85
Shoaib Ahmed Sb,H# 387 Block AA St.4 Phase-4 DHA,0333 4356092,85
Mrs.Shamim Fatima,Flat 114-D Askari-5,0300 9600311,90
Dr.Zafar Sb,,0300 4397195,85
Col. Mazhar Sb,Defance (293DD),,85
Syed Shafqat Ali Sb,Walton Road,0322-4070419,85
Dr.Shahzaib Shakeel Sb,H #E-23/8-B Islam Nagar Walton,0345 4078836,82
M.Zubair Yousaf Sb,H # 30 St.# 36 Gulbreg-2,0333 4336075,85
Ch.Nazir Ahmed Sb,E 25/14 Al-Wadood Mosque St Islam Nagar Walton Rd.,0322 4036331,85
Saemuel Waqar Sb,Charli hair Sloon ,0300-4119577,85
Mr. Sulman Sb,Defance (293DD),,85
Zia Ahmed Khan Sb,H#-13 St.06 Lane (Ext) Cavalary Ground,0323 9871555,85
M Sufian Mazhar Sb,9/A D-I Gullbarg-3 ,0323 4945651,75
Shahab Ahmed Sb,Walton Road,0333-4326116,85
105 JJ,DHA,,85
Saad Hayat Bajawa Sb,2/4-B White House lane 1 Zaman Park,0334 4157290,72.11
Qasir Sb,Rabani Masjid,0343-4704811,75
Tabrez Hamid Sb,E23/12-L-2 Islam Nagar C.G,0300 8569652,85
Imran Nayyer Sb ,6-DD Phase -4 DHA,0321 6676313,85
Faiz Ahmed Sb,Sundar Das,0308-4662090,85
Mian Zafar Sb,Civil Defance 8-B DHA,0300 8758587,85
Major Javed Iftikhar Sb,40-GG Phase -5 DHA,0345-4040707,85
Brig. 18 G. Gulberg-3,18 G.Gulberg3,,95
Mrs Yasir,H # E-23/10-A St.4 Islam Nagar Walton Road,0321 4828852,83
Asim Saeed 147-P,147-P Gulberg-2,0322 8472113,95
M. Sher Zaman Khan Sb,62-BB St # -2DHA,0333 4704077,90
M. Hamza Safdar (Nishat Colony),H # E-221- ST.11 Block.A [Nishat colony],0305 9851149,85
Abdul Moeed Sb (A),Walton,0321 4828852,80
Doctor Sb 18 G Gullberg-3,18 G Gullberg-3,,85
Aarish Ali Sb,7CC Phase 4 DHA,0306 1111888,85
170 M Block Gullberg-3,170 M Block Gullberg-3,0323-9993120,83
Faiq Mazhar Sb,H#-3 Block AA Phase 5 DHA,042 37337223,90
Fawad Saleem Sb M.A Gullerg,M.A Gullberg,,90
M.Mazhar Sher Awan Sb,Cavalary Ground 252,0304 4383686,80
Muhammad Tahir Khan Sb,IH 267 P.H.F. Falcon,0321 4422579,85
Col. Ehsan Awan Sb,,,90
M.Tariq Javed Sb ,H #2/7 White House Lane -1,0309 4472547,85
Arslan Shafkat (101 JJ DHA),101-JJ St. 14 Phase-4  DHA,0333 8757755,85
Waqas Munir Sb,58/1 R Block  DHA,042-37331025,85
Sharaz khan Sb,H #-222 Khakwani Cavalary Groud,,90
Mrs. Rabia ,H # 534-A street no 21 Ph # 5 DHA,3218444452,90
Col.Anis Ahmad Sb,18 G.Gulberg-3,0321 9442602,85
Imran Malik (482 GG DHA),482 GG St.# 23 H# 4 DHA,0301 4568077,90
656 Z DHA,656 Z DHA,,82
Wajahat Aziz Sb,157 CC DHA,0321-2276350,90
Javaid Khan Sb ,H#109 Block JJ St.14 Phase -4 DHA,0300 9486429,85
CAPT Tariq Sb,406 AA St.4 Phase 4 DHA,0300 9451352,85
Ahmad Faraz Sb,E-44 ST.8 Officers Colony Cavalary Ground,0320 6052082,80
Umer Anis Sb ,2/7 white House  Lane off Sunder Das,0321 9406075,85
Abdul Moeed Sb (B),walton,0321 4828852,85
Mrs.Imran ,H #-2 ShirazVillag Cavalary Groud,0300 4448428,80
Attiq Ur Rehman Sb,5/53 Usman Block Garden Town,0320-4114621,90
Bashrat Sb,5/50 Usman Block Garden Town,0333-4281505,90
Adil Afzal Sb,Colony,0322-4207200,75
Athar Rasool Sb,Colony,0333-4080695,80
Imran Ghafoor Sb,5/38 Usman Block Garden Town,0336-4672644,85
Shouket Sb,5 X Model.Town,0306 4301950,95
Usman Ahmed Sb,Colony,0331-4859396,90
Usman Sb (D) ,Gevn hana,0301 4295887,85
Salman Shakeel Sb,Colony,0331-6907379,78
Abdul Salam Sb ,Colony,0300-4478022,90
Nazia Sathi,150 Garden Block Garden Town,0321 2123456,80
Haroon Javed Sb,Colony,0322 9494942,90
Mazhar Rasrool Sb,H#5/6 Usman Block New Garden Town,0320-4783684,85
Asif Guard,5/60 Usman Block Garden Town,0313-0465018,72.11
Hamid Rehman Sb,Colony 5/25,0333 4505256,80
Abdul Haq Sb,Colony,,85
Mrs.Safia Saeed ,5/59 Usman Block New Garden Town,0300 8411736,85
Asif Sb (5/22 G.T),5/22 G.T,0345-4487100,85
Ghulam Harider Sb,5/61 Usman Block Garden Town,0305-4615069,72.11
Ayyaz Aziz Sb,Colony,0321-4364277,85
Tariq Munir Sb,H # 530-B Faisal Town,0321-4662184,90
Mrs.Saeed,Colony,3004308626,83
Banaras Sb,Colony,0300-4226974,85
Ehtasham-ul-Haq Sb,5 X Model Town,0300-4771603,72.11
Shakeel Ahmad Sb (W.Road),Jinnah Street Ka,0333 4508904,90
Abdul Majid Sb,H# 5/49 Usman Block Garden Town,0322-4235156,90
Tanveer Abbas Sb,Colony,,95
Faisal Sb,Colony,0321-4647802,85
Asim Javeid,Colony,0342 7183787,85
Amir Aziz Sb,5/40 Usman Block Garden Town,0331-4300385,87
Ibrahim Sb,Garden town,,90
Saadat Sb,G.Twon,,85
Justice Rana Shameem Sb,120-A Punjab Society,0300-4649461,90
Usman Ahmed Sb (Okara),5/40 Usman Block New Garden Town,,95
Jamil ur Rehman Sb,5/25 Usman Block New Garden Town,3334505256,85
Asim Sb,59 Tipu Block Garden Town,0323-8850900,95
Ehtasham Ul Haq Sb,Model town,0300 4771603,95
Muhammad Awais Sb,Colony,,85
Saeed Sb,H# 5/60 New Garden Town,0344-8972809,85
Abdullah Zia Sb,,,95
Faisal Town 451-D,451- Block F.Town ,0323-4427776,95
Zaheer  Sb,Colony,,85
Sharfat Sb,M.Town,,85
Syed Ali Sb,44 C Model Town,0313 4089989,85
Model Town 173L,Model Town 173L,0333-4666530,95
Waheed ,Colony,0341-4000914,90
Noman Hafeez Sheikh Sb,5/43 Usman Bolck New Garden Town,0333 4712302,90
Afzal Sb,Colony,0302 4892672,90
Muslim Town 67 B,Muslim Town 67-B,,85
Ali Sb Colony,,0305-7533127,85
Hafiz Zia Sb ,38 jahanzaib Block Iqbal Town,3334387177,95
341 Raza Block,341 Raza Block,,93
Bilal Sb,21 -C Tech Society,0301-4401693,90
Dr.Sikhandar Zafar Sb,197-C Block Tech Society,0305-1801963,95
Umair Sb,Karim Block 479 Nishter Block,3214783063,95
Mr Ali Anwer Sb,114Hunza Block Allama Iqbal Town,0321 8849828,95
Hassan Sb,Wapda Town (266K-2),0331-4294269,95
Kashif Sb,Iqbal Town,0300-9891212,90
Saleem Anjum Sb,54 Nishter Up,0333-4308407,95
M.Akram Bajawa Sb,Abdalian-188-B,,80
Mrs. Sajida Ch,Abdalian-71/5,0300-4649461,95
676-D,676-D,0333-4406675,90
Asif Gill Sb (B),Johar Town (B.O.R),0300 8428016,90
Asad Hayat Sb,Tech Society 221/222 C,042-352936501,95
Farhan Ahmed Sb,665 Nishter Block,,90
Naveed Sb,Johar Town (B.O.R),0302 8424755,80
Mushtaq Sb.,Tech Society 226 C,0300-4003596,90
Muhtasum Javeid Sb,C.B,0340-9992501,95
Taimoor Sb,Link Road model town,0300-4003399,95
Tariq Sb,224-C Tech society,,92
Salman Sb T.Ship,Town Ship,0300-9422204,95
Adill sb,504 F-2 Jahor Town,0321-4711518,95
Ali Sb,504 F-2 Jahor Town,0321-4711518,90
Mrs. Shoaib ,139- B Revenue Society,0331-4155579,85
Haroon Hanif Sb,Green Forts 54 Block Chenab,,90
Zeeshan Sb,Green Forts 54 Block Chanab,0333-6515479,85
Amjad SB,Johar Town ,0324-4862008,90
Waqas Ali Sb,606 F Johar Twon,0333 8373760,90
Umer Farooq Sb ,484 E Johar Twon,0300 6957785,85
Ali Abbas Sb,P Society,Police SP,90
Aslam Sb,Bahria town,3336515479,95
Zia Juhan Sb,,,85
Awais Hameed Sb,45 B-1 Punjab Society,0305-7674774,90
Salman Brother Sb,Town ship Ship,0300-9422204,90
Usman Sb (222),222 Nishter Block,,90
Abbas Sb ,Muslim Town ,,95
Ahmed Dawood Sb,Punjab society,3344118870,90
Salman Sb (222),222 Nishter Block,,80
Syed Hanif Shah Sb,119 D-3 Wapda town,Out Country,90
Rana Khurram Sb,Abdalian Road 161-B,0321 2777597,90
Akhtar Gondal Sb,184 Qayum Block iqbal town,0300 0111444,90
Rahat Mahmood Sb,Shouket Khnum,0300-5195734,90
Saif Sb,UCP,0333-4445567,90
Muhammad Rizwan Sb,Huma Block Iqbal Twon,0333-4236661,90
Abdul Rehman Sb (W.T 355 G-3),355 G-3 Wapda Twon,0322-4344355,90
Majeed Ullah Malik Sb,Johar Town,0300-4275082,90
Ahsan Tariq Sb,Nasheeman 567,0331-4558539,90
Hassan Arshad Sb,House no 80-P1 Valencia town,0331-4455103,84
574 Uper Johar Town,574 Uper Johar Town,0300-0336328,90
R-2-111,Johar Town,0333-4527906,90
Khalid Sb,253 J-3 Wapda town,0320-0459783,90
Sohail Sb ,487-G Johar Twon,,90
Shahid Sb,118 C Tech Society,0309-4052934,90
Umer Sb 339 Nishter Block,Umer 339 Nishter Block,,90
Ali Raza Sb,PCSIR,0300-6756965,90
Masood Ali Sb,Johar Town,,90
Waheed Ahmed Sb,K-3 159 Wapda Town,0321-8856261,90
Younas Sb,J-3 350 Wapda Town,0322-4344355,85
Muhammad Naeem,Tech Society 225-C,,85
Yousaf Sb,Faisal Town 556-C,0321-8802728,90
Faheem Sb,386 Nishtar block iqbal town,,90
2-A PCSIR,2-A PCSIR,,90
Salar Sb,373-B PCSIR,,90
Safeer Sb,373-B PCSIR,,75
Tajjamal Sb,52 HBFC johar town,,90
Abdul Rehman Sb,205 Sikhandar Block,,90
Muslim Town,133-A muslim town,3054499649,85
Fiaz Farooq,52 H,,90
Faryad Sb,NFC society,0300-0665068,90
654 F Johar Town ,654 F Johar Town ,0321-8440344,85
Shazad Sb,PCSIR 651-B,,90
Shafqat Sb,Green Forts 2,,90
Alif Sb ,504 E- Johar Town,,90
Aftab Sb ,650 PCSIR,,90
Khadim Sb,376-15 b1 Town Ship,,90
Faisal Sb Marketing,Town Ship,0312-4824704,90
Faiz Ali Sb,UCP,,90
350 Raza Block,350 Raza Block,0321-9451850,85
Rasheed Akhtar Sb,15 B.O.R,,80
Sohail Sb 195 Karim Block,,,85
Usman Ahmed (w Road),Wahad Road,042 35432577,90
